[{
	"title" : "后台首页",
	"icon" : "icon-computer",
	"href" : "page/main.html",
	"spread" : false
},{
	"title" : "系统设置",
	"icon" : "&#xe630;",
	"href" : "",
	"spread" : false,
	"children" : [
		{
			"title" : "基本设置",
			"icon" : "&#xe609;",
			"href" : "page/system/basic.php",
			"spread" : false
		},
		{
			"title" : "二维码设置",
			"icon" : "&#xe609;",
			"href" : "page/system/qrcode.php",
			"spread" : false
		},
		{
			"title" : "导航管理",
			"icon" : "&#xe609;",
			"href" : "page/system/nav.php",
			"spread" : false
		},
		{
			"title" : "幻灯片管理",
			"icon" : "&#xe609;",
			"href" : "page/system/poster.php",
			"spread" : false
		},
		{
			"title" : "友情链接",
			"icon" : "&#xe609;",
			"href" : "page/system/link.php",
			"spread" : false
		},
		{
			"title" : "管理员设置",
			"icon" : "&#xe609;",
			"href" : "page/system/admin.php",
			"spread" : false
		},
		{
			"title" : "更多模板",
			"icon" : "&#xe609;",
			"href" : "http://www.xiaoerhu.com/forum-151-1.html",
			"spread" : false
		}
	]
},{
	"title" : "模块管理",
	"icon" : "&#xe630;",
	"href" : "",
	"spread" : false,
	"children" : [
		{
			"title" : "QQ互联",
			"icon" : "&#xe609;",
			"href" : "page/module/qqlogin.php",
			"spread" : false
		},
		{
			"title" : "微信对接",
			"icon" : "&#xe609;",
			"href" : "page/module/wx.php",
			"spread" : false
		},
		{
			"title" : "支付模块",
			"icon" : "&#xe609;",
			"href" : "page/module/pay.php",
			"spread" : false
		},
		{
			"title" : "免费图床",
			"icon" : "&#xe609;",
			"href" : "page/module/picture_bed.php",
			"spread" : false
		}
	]
}
,{
	"title" : "用户管理",
	"icon" : "&#xe630;",
	"href" : "",
	"spread" : false,
	"children" : [
		{
			"title" : "用户相关设置",
			"icon" : "&#xe609;",
			"href" : "page/user/user_other.php",
			"spread" : false
		},{
			"title" : "用户组管理",
			"icon" : "&#xe609;",
			"href" : "page/user/usergroup.php",
			"spread" : false
		},
		{
			"title" : "用户管理",
			"icon" : "&#xe609;",
			"href" : "page/user/user.php",
			"spread" : false
		},
		{
			"title" : "卡密管理",
			"icon" : "&#xe609;",
			"href" : "page/user/card.php",
			"spread" : false
		},{
			"title" : "订单管理",
			"icon" : "&#xe609;",
			"href" : "page/user/user_order.php",
			"spread" : false
		},
		{
			"title" : "发布公告",
			"icon" : "&#xe609;",
			"href" : "page/user/notice.php",
			"spread" : false
		}
	]
},{
	"title" : "留言管理",
	"icon" : "&#xe630;",
	"href" : "",
	"spread" : false,
	"children" : [
		{
			"title" : "留言列表",
			"icon" : "&#xe609;",
			"href" : "page/message/message.php",
			"spread" : false
		}
	]
},{
	"title" : "视频管理",
	"icon" : "&#xe630;",
	"href" : "",
	"spread" : false,
	"children" : [
		{
			"title" : "视频分类",
			"icon" : "&#xe609;",
			"href" : "page/video/videogroup.php",
			"spread" : false
		},
		{
			"title" : "采集规则",
			"icon" : "&#xe609;",
			"href" : "page/video/caiji_rule.php",
			"spread" : false
		},
		{
			"title" : "视频发布",
			"icon" : "&#xe609;",
			"href" : "page/video/video_add.php",
			"spread" : false
		},
		{
			"title" : "视频采集",
			"icon" : "&#xe609;",
			"href" : "page/video/col_rule.php",
			"spread" : false
		},
		{
			"title" : "视频列表",
			"icon" : "&#xe609;",
			"href" : "page/video/video_list.php",
			"spread" : false
		},
		{
			"title" : "直播管理",
			"icon" : "&#xe609;",
			"href" : "page/video/zhibo.php",
			"spread" : false
		},
		{
			"title" : "其他设置",
			"icon" : "&#xe609;",
			"href" : "page/video/video_other.php",
			"spread" : false
		}

	]
},{
	"title" : "广告管理",
	"icon" : "&#xe630;",
	"href" : "",
	"spread" : false,
	"children" : [
		{
			"title" : "广告列表",
			"icon" : "&#xe609;",
			"href" : "page/union/ad_list.php",
			"spread" : false
		},
		{
			"title" : "联盟对接",
			"icon" : "&#xe609;",
			"href" : "page/union/union.php",
			"spread" : false
		}
	]
},{
	"title" : "数据管理",
	"icon" : "&#xe630;",
	"href" : "",
	"spread" : false,
	"children" : [
		{
			"title" : "数据备份",
			"icon" : "&#xe609;",
			"href" : "page/database/database_list.php",
			"spread" : false
		},
		{
			"title" : "数据还原",
			"icon" : "&#xe609;",
			"href" : "page/database/databack_list.php",
			"spread" : false
		}
	]
}]